category,slug,name
"banners-displays","blockout-banners","Blockout Banners"
"banners-displays","canvas-prints","Canvas Prints"
"banners-displays","double-sided-banners","Double-Sided Banners"
"banners-displays","feather-flag","Feather Flag"
"banners-displays","feather-flags","Feather Flags"
"banners-displays","media-wall-pop-up","Media Wall Pop-Up Frame"
"banners-displays","mesh-banners","Mesh Banners"
"banners-displays","pillowcase-display-frame","Pillowcase Display"
"banners-displays","pole-banners","Pole Banners"
"banners-displays","pull-up-banner","Pull Up Banner"
"banners-displays","roll-up-banners","Roll-Up Banners"
"banners-displays","step-repeat-backdrops","Step & Repeat Backdrops"
"banners-displays","table-cloth","Table Cloth"
"banners-displays","teardrop-flag","Teardrop Flag"
"banners-displays","teardrop-flags","Teardrop Flags"
"banners-displays","telescopic-backdrop","Telescopic Backdrop"
"banners-displays","vinyl-banners","Vinyl Banners"
"banners-displays","x-banner-frame-print","X-Banner Frame + Print"
"banners-displays","x-banner-prints","X-Banner Prints"
"display-stands","a-frame-sign-stand","A-Frame Sidewalk Stand"
"display-stands","a-frame-stand","A-Frame Stand"
"display-stands","backdrop-stand-hardware","Backdrop Stand Hardware"
"display-stands","banner-hems","Banner Hems (Service)"
"display-stands","banner-stand-l-base","L-Base Banner Stand (Hardware)"
"display-stands","banner-stand-rollup","Roll-Up Stand (Hardware)"
"display-stands","banner-stand-x","X-Stand (Hardware)"
"display-stands","branded-table-cover-6ft","Branded Table Cover — 6ft"
"display-stands","branded-table-runner","Branded Table Runner"
"display-stands","deluxe-rollup-banner","Deluxe Roll-Up Banner Stand"
"display-stands","deluxe-tabletop-retractable-a3","Deluxe Tabletop Retractable - A3"
"display-stands","double-sided-tape","Double-Sided Tape (Add-on)"
"display-stands","drilled-holes-service","Drilled Holes (Service)"
"display-stands","feather-flag-large","Feather Flag — Large"
"display-stands","feather-flag-medium","Feather Flag — Medium"
"display-stands","feather-flag-pole-set","Feather Flag Pole Set"
"display-stands","flag-base-ground-stake","Flag Ground Stake"
"display-stands","flag-base-water-bag","Flag Water Bag"
"display-stands","flag-bases-cross","Flag Cross Base"
"display-stands","grommets-service","Grommets (Service)"
"display-stands","h-stake-wire","H-Wire Stake"
"display-stands","h-stakes","H-Stakes"
"display-stands","installation-service","Installation Service"
"display-stands","l-base-banner-stand","L-Base Banner Stand"
"display-stands","outdoor-canopy-tent-10x10","Outdoor Canopy Tent 10×10"
"display-stands","pole-pockets","Pole Pockets (Service)"
"display-stands","popup-display-curved-8ft","Curved Pop-Up Display 8ft"
"display-stands","popup-display-straight-8ft","Straight Pop-Up Display 8ft"
"display-stands","real-estate-frame","Real Estate Sign Frame"
"display-stands","retractable-banner-stand-premium","Retractable Banner Stand - Premium"
"display-stands","roll-up-stand-hardware","Roll-Up Stand Hardware"
"display-stands","standoff-hardware-set","Standoff Hardware Set"
"display-stands","step-and-repeat-stand-kit","Step & Repeat Stand Kit"
"display-stands","step-repeat-backdrop-8x8","Step & Repeat Backdrop 8×8"
"display-stands","tabletop-banner-a3","Tabletop Banner - A3"
"display-stands","tabletop-banner-a4","Tabletop Banner - A4"
"display-stands","tabletop-x-banner","Tabletop X-Banner Stand"
"display-stands","teardrop-flag-medium","Teardrop Flag — Medium"
"display-stands","teardrop-flag-pole-set","Teardrop Flag Pole Set"
"display-stands","tension-fabric-display-3x3","Tension Fabric Display 3×3"
"display-stands","tent-frame-10x10","10x10 Canopy Tent Frame"
"display-stands","tent-walls-set","Canopy Tent Side Walls Set"
"display-stands","velcro-strips","Velcro Strips (Add-on)"
"display-stands","x-banner-stand-large","X-Banner Stand - Large"
"display-stands","x-banner-stand-standard","X-Banner Stand - Standard"
"display-stands","x-stand-hardware","X-Stand Hardware"
"facility-asset-labels","aisle-markers-hanging","Hanging Aisle Markers"
"facility-asset-labels","asset-tags-tamper-evident","Asset Tags"
"facility-asset-labels","cable-panel-labels","Panel Labels"
"facility-asset-labels","dock-door-numbers","Loading Dock Door Numbers"
"facility-asset-labels","electrical-panel-labels","Electrical Panel Directory Labels"
"facility-asset-labels","emergency-exit-egress-signs-set","Emergency Exit Signs"
"facility-asset-labels","equipment-rating-plates","Equipment Rating Plates"
"facility-asset-labels","fire-extinguisher-location-stickers","Fire Extinguisher Stickers"
"facility-asset-labels","first-aid-location-stickers","First Aid Stickers"
"facility-asset-labels","hazard-ghs-labels","Hazard GHS Labels"
"facility-asset-labels","high-visibility-rear-chevron-kit","Rear Chevron Kit"
"facility-asset-labels","no-smoking-decals-set","No Smoking Decals"
"facility-asset-labels","parking-lot-stencils","Parking Lot Stencils"
"facility-asset-labels","pipe-markers-color-coded","Colour-Coded Pipe Markers"
"facility-asset-labels","pipe-markers-custom","Custom Pipe Markers"
"facility-asset-labels","ppe-hard-hat-stickers","Hard Hat Stickers"
"facility-asset-labels","rack-labels-warehouse","Warehouse Rack Labels"
"facility-asset-labels","reflective-conspicuity-tape-kit","Reflective Conspicuity Tape"
"facility-asset-labels","reflective-safety-stripes-kit","Reflective Safety Stripes"
"facility-asset-labels","safety-notice-decal-pack","Safety Notice Pack"
"facility-asset-labels","stay-back-warning-decals","Stay Back Warning"
"facility-asset-labels","tool-box-bin-labels","Bin Labels"
"facility-asset-labels","valve-tags-engraved","Engraved Valve Tags"
"facility-asset-labels","warehouse-zone-labels","Warehouse Zone Labels"
"fleet-compliance-id","dangerous-goods-placards","Dangerous Goods Placards"
"fleet-compliance-id","fleet-vehicle-inspection-book","Fleet Vehicle Inspection Book"
"fleet-compliance-id","hours-of-service-log-holder","Hours of Service Log Holder"
"fleet-compliance-id","ifta-cab-card-holder","IFTA Cab Card Holder Decal"
"fleet-compliance-id","mc-number-decals","MC Number Decals"
"fleet-compliance-id","nsc-number-decals","NSC Number Decals"
"fleet-compliance-id","trailer-id-number-decals","Trailer ID Number Decals"
"fleet-compliance-id","truck-door-compliance-kit","Truck Door Compliance Kit"
"large-format-graphics","car-graphics","Car Graphics"
"large-format-graphics","floor-direction-arrows-set","Floor Arrows"
"large-format-graphics","floor-graphics","Floor Graphics"
"large-format-graphics","floor-logo-graphic","Custom Floor Logo Graphic"
"large-format-graphics","floor-number-markers-set","Floor Number Markers"
"large-format-graphics","frosted-privacy-film","Frosted Privacy Film"
"large-format-graphics","full-window-graphics","Full Window Graphics"
"large-format-graphics","lf-floor-graphics","Floor Graphics"
"large-format-graphics","one-way-vision-graphics","One-Way Vision Graphics"
"large-format-graphics","wall-graphics","Wall Graphics"
"large-format-graphics","wall-mural-graphic","Custom Wall Mural"
"large-format-graphics","wall-murals","Wall Murals"
"large-format-graphics","warehouse-floor-safety-graphics","Warehouse Floor Graphics"
"large-format-graphics","window-frosted","Frosted Film"
"large-format-graphics","window-graphics","Window Graphics"
"large-format-graphics","window-perforated","Perforated Window Film"
"marketing-prints","bf-certificates","Certificates"
"marketing-prints","bf-letterhead","Letterhead"
"marketing-prints","bf-notepads","Notepads"
"marketing-prints","booklets","Booklets"
"marketing-prints","booklets-perfect-bound","Perfect Bound Booklet"
"marketing-prints","booklets-saddle-stitch","Saddle Stitch Booklet"
"marketing-prints","booklets-wire-o","Wire-O Booklet"
"marketing-prints","bookmarks","Bookmarks"
"marketing-prints","bookmarks-custom","Custom Bookmarks"
"marketing-prints","box-sleeves","Box Sleeves"
"marketing-prints","brochures","Brochures"
"marketing-prints","brochures-bi-fold","Bi-Fold Brochure"
"marketing-prints","brochures-tri-fold","Tri-Fold Brochure"
"marketing-prints","brochures-z-fold","Z-Fold Brochure"
"marketing-prints","business-cards-classic","Classic Business Cards"
"marketing-prints","business-cards-gloss","Gloss Business Cards"
"marketing-prints","business-cards-gold-foil","Gold Foil Business Cards"
"marketing-prints","business-cards-linen","Linen Business Cards"
"marketing-prints","business-cards-matte","Matte Business Cards"
"marketing-prints","business-cards-pearl","Pearl Business Cards"
"marketing-prints","business-cards-soft-touch","Soft Touch Business Cards"
"marketing-prints","business-cards-thick","Thick Layered Business Cards"
"marketing-prints","calendars","Calendars"
"marketing-prints","calendars-wall","Custom Wall Calendars"
"marketing-prints","cardstock-prints","Cardstock Prints (14pt) — Custom Size"
"marketing-prints","certificates","Certificates"
"marketing-prints","coupons","Coupons"
"marketing-prints","door-hangers","Door Hangers"
"marketing-prints","door-hangers-large","Large Door Hanger"
"marketing-prints","door-hangers-perforated","Perforated Door Hanger"
"marketing-prints","door-hangers-standard","Standard Door Hanger"
"marketing-prints","envelopes","Envelopes"
"marketing-prints","envelopes-10-business","#10 Business Envelope"
"marketing-prints","envelopes-6x9-catalog","6×9 Catalog Envelope"
"marketing-prints","envelopes-9x12-catalog","9×12 Catalog Envelope"
"marketing-prints","envelopes-a7-invitation","A7 Invitation Envelope"
"marketing-prints","flyers","Flyers"
"marketing-prints","flyers-large","Large Flyer"
"marketing-prints","flyers-small","Small Flyer"
"marketing-prints","flyers-standard","Standard Flyer"
"marketing-prints","gift-certificates","Gift Certificates"
"marketing-prints","greeting-cards","Greeting Cards"
"marketing-prints","hang-tags-custom","Custom Hang Tags"
"marketing-prints","invitation-cards","Invitation Cards"
"marketing-prints","invitations-flat","Flat Invitations"
"marketing-prints","letterhead","Letterhead"
"marketing-prints","letterhead-standard","Letterhead"
"marketing-prints","loyalty-cards","Loyalty & Punch Cards"
"marketing-prints","magnets-business-card","Business Card Magnets"
"marketing-prints","menus","Menus"
"marketing-prints","menus-flat","Flat Menu"
"marketing-prints","menus-folded","Folded Menu"
"marketing-prints","menus-laminated","Laminated Menu"
"marketing-prints","menus-takeout","Takeout Insert"
"marketing-prints","ncr-forms-duplicate","NCR Duplicate Forms (2-Part)"
"marketing-prints","ncr-forms-triplicate","NCR Triplicate Forms (3-Part)"
"marketing-prints","ncr-invoice-books","NCR Invoice Books"
"marketing-prints","ncr-invoices","NCR Invoice"
"marketing-prints","notepads","Notepads"
"marketing-prints","notepads-custom","Custom Notepads"
"marketing-prints","order-form-pads","Order Form Pads"
"marketing-prints","order-forms-single","Order Form"
"marketing-prints","postcards","Postcards"
"marketing-prints","postcards-eddm","EDDM Postcard"
"marketing-prints","postcards-large","Large Postcard"
"marketing-prints","postcards-medium","Medium Postcard"
"marketing-prints","postcards-standard","Standard Postcard"
"marketing-prints","posters","Posters"
"marketing-prints","posters-adhesive","Adhesive Poster"
"marketing-prints","posters-backlit","Backlit Poster"
"marketing-prints","posters-glossy","Glossy Poster"
"marketing-prints","posters-matte","Matte Poster"
"marketing-prints","presentation-folders","Presentation Folders"
"marketing-prints","presentation-folders-die-cut","Custom Die-Cut Folder"
"marketing-prints","presentation-folders-legal","Legal Size Folder"
"marketing-prints","presentation-folders-reinforced","Reinforced Folder"
"marketing-prints","presentation-folders-standard","Standard 2-Pocket Folder"
"marketing-prints","product-inserts","Product Inserts"
"marketing-prints","rack-cards","Rack Cards"
"marketing-prints","rack-cards-folded","Folded Rack Card"
"marketing-prints","rack-cards-standard","Standard Rack Card"
"marketing-prints","rack-cards-tear-off","Tear Card"
"marketing-prints","release-forms","Release / Waiver Form"
"marketing-prints","release-waiver-forms","Release / Waiver Forms"
"marketing-prints","stamps-r512","Self-Inking Stamp R-512"
"marketing-prints","stamps-r524","Self-Inking Stamp R-524"
"marketing-prints","stamps-r532","Self-Inking Stamp R-532"
"marketing-prints","stamps-r552","Self-Inking Stamp R-552"
"marketing-prints","stamps-s510","Self-Inking Stamp S-510"
"marketing-prints","stamps-s520","Self-Inking Stamp S-520"
"marketing-prints","stamps-s542","Self-Inking Stamp S-542"
"marketing-prints","stamps-s827","Self-Inking Stamp S-827"
"marketing-prints","stickers-die-cut-custom","Custom Die-Cut Stickers"
"marketing-prints","stickers-roll-labels","Roll Labels"
"marketing-prints","table-display-cards","Table Display Cards"
"marketing-prints","table-tents-4x6","Table Tents"
"marketing-prints","tags-hang-tags","Tags / Hang Tags"
"marketing-prints","tickets","Tickets"
"marketing-prints","yard-signs-coroplast","Coroplast Yard Signs"
"packaging","hang-tags","Hang Tags"
"packaging","label-sets","Product Label Sets"
"packaging","packaging-inserts","Packaging Inserts"
"packaging","packing-slips","Packing Slips"
"packaging","sticker-seals","Sticker Seals"
"packaging","thank-you-cards","Thank You Cards"
"retail-promo","danglers","Dangler"
"retail-promo","rp-coupons","Coupons"
"retail-promo","rp-hang-tags","Hang Tags"
"retail-promo","rp-menus","Menus"
"retail-promo","rp-tickets","Tickets"
"retail-promo","shelf-talkers","Shelf Talkers"
"retail-promo","table-tent-cards","Table Tent Cards"
"retail-promo","wobblers","Wobbler"
"rigid-signs","a-frame-insert-prints","A-Frame Inserts"
"rigid-signs","a-frame-sandwich-board","A-Frame Sandwich Board"
"rigid-signs","acm-dibond-signs","ACM / Dibond Signs"
"rigid-signs","acrylic-signs","Acrylic Signs"
"rigid-signs","aluminum-composite","Aluminum Composite (Dibond)"
"rigid-signs","aluminum-signs","Aluminum Signs"
"rigid-signs","backdrop-board","Backdrop Board"
"rigid-signs","calendars-wall-desk","Calendars"
"rigid-signs","clear-acrylic-signs","Clear Acrylic Signs"
"rigid-signs","construction-site-signs","Construction Site Signs"
"rigid-signs","coroplast-signs","Coroplast Signs"
"rigid-signs","coroplast-yard-signs","Coroplast Yard Signs"
"rigid-signs","custom-foam-board","Custom Foam Board Sign"
"rigid-signs","directional-arrow-sign","Directional Arrow Sign"
"rigid-signs","directional-arrow-signs","Directional Arrow Signs"
"rigid-signs","double-sided-lawn-signs","Double-Sided Lawn Signs"
"rigid-signs","election-campaign-sign","Election / Campaign Sign"
"rigid-signs","foam-board","Foam Board (Custom Size)"
"rigid-signs","foam-board-easel","Foam Board + Easel Back"
"rigid-signs","foam-board-prints","Foam Board Prints"
"rigid-signs","frosted-acrylic-signs","Frosted Acrylic Signs"
"rigid-signs","gatorboard-signs","Gatorboard Signs"
"rigid-signs","handheld-sign","Handheld Sign"
"rigid-signs","handheld-signs","Handheld Signs"
"rigid-signs","lawn-signs-h-stake","Lawn Signs + H-Stake"
"rigid-signs","magnetic-car-signs","Magnetic Car Signs"
"rigid-signs","menu-boards","Menu Boards"
"rigid-signs","mesh-banner","Mesh Banner (Wind Proof)"
"rigid-signs","parking-property-signs","Parking & Property Signs"
"rigid-signs","photo-board","Photo Board"
"rigid-signs","pvc-sintra-signs","PVC Sintra Signs"
"rigid-signs","real-estate-agent-sign","Real Estate Agent Sign"
"rigid-signs","real-estate-sign","Real Estate Sign"
"rigid-signs","rigid-foam-board-prints","Foam Board / KT Board"
"rigid-signs","rigid-tabletop-signs","Tabletop Signs"
"rigid-signs","safety-signs","Safety Signs"
"rigid-signs","standoff-mounted-signs","Standoff Mounted Signs"
"rigid-signs","table-easel-display","Table Easel Display"
"rigid-signs","tabletop-signs","Tabletop Signs"
"rigid-signs","tags-tickets-rigid","Rigid Tags / Tickets"
"rigid-signs","vinyl-banner-13oz","13oz Vinyl Banner"
"rigid-signs","wayfinding-signs","Wayfinding Signs"
"rigid-signs","yard-sign","Yard Sign"
"rigid-signs","yard-sign-h-frame","Yard Sign + H-Frame"
"rigid-signs","yard-sign-panel-only","Yard Sign Panel"
"safety-warning-decals","arc-flash-labels","Arc Flash Warning Labels"
"safety-warning-decals","chemical-storage-labels","Chemical Storage Cabinet Labels"
"safety-warning-decals","confined-space-warning-signs","Confined Space Warning Signs"
"safety-warning-decals","crane-lift-capacity-labels","Crane & Lift Capacity Labels"
"safety-warning-decals","forklift-safety-decals","Forklift Safety Decal Kit"
"safety-warning-decals","high-voltage-warning-signs","High Voltage Warning Signs"
"safety-warning-decals","lockout-tagout-labels","Lockout/Tagout Labels"
"safety-warning-decals","ppe-required-signs","PPE Required Signs"
"safety-warning-decals","slip-trip-hazard-signs","Slip & Trip Hazard Signs"
"safety-warning-decals","whmis-workplace-labels","WHMIS Workplace Labels"
"stickers-labels","barcode-labels","Barcode Labels"
"stickers-labels","clear-labels","Clear Labels"
"stickers-labels","clear-singles","Clear Stickers (Singles)"
"stickers-labels","die-cut-singles","Die-Cut Stickers (Singles)"
"stickers-labels","die-cut-stickers","Die-Cut Stickers"
"stickers-labels","floor-decals","Floor Decals"
"stickers-labels","foil-stickers","Foil Stickers"
"stickers-labels","freezer-labels","Freezer Labels"
"stickers-labels","heavy-duty-vinyl-stickers","Heavy Duty Outdoor Vinyl Stickers"
"stickers-labels","holographic-singles","Holographic Singles"
"stickers-labels","holographic-stickers","Holographic Stickers"
"stickers-labels","kiss-cut-sticker-sheets","Kiss-Cut Sticker Sheets"
"stickers-labels","kraft-paper-labels","Kraft Paper Labels"
"stickers-labels","labels-clear","Clear Labels"
"stickers-labels","labels-roll-quote","Roll Labels"
"stickers-labels","labels-white-bopp","White BOPP Labels"
"stickers-labels","magnets-flexible","Magnets"
"stickers-labels","perforated-window-film","Perforated Window Film"
"stickers-labels","qr-code-labels","QR Code Labels"
"stickers-labels","removable-stickers","Removable Stickers"
"stickers-labels","roll-labels","Roll Labels"
"stickers-labels","sticker-packs","Sticker Packs"
"stickers-labels","sticker-sheets","Sticker Sheets (12x18)"
"stickers-labels","stickers-color-on-clear","Color on Clear Stickers"
"stickers-labels","stickers-color-on-white","Color on White Stickers"
"stickers-labels","stickers-multi-on-sheet","Multi on Sheet"
"stickers-labels","stickers-sheet-kisscut","Sticker Sheets (Kiss-Cut)"
"stickers-labels","stickers-single-diecut","Die-Cut Stickers"
"stickers-labels","transfer-vinyl-lettering","Transfer Vinyl Lettering"
"stickers-labels","vinyl-lettering","Vinyl Lettering"
"stickers-labels","wall-decals","Wall Decals"
"stickers-labels","white-bopp-labels","White BOPP Labels"
"stickers-labels","window-decals","Window Decals"
"vehicle-branding-advertising","asset-tags-qr-barcode","Asset Tags (QR / Barcode)"
"vehicle-branding-advertising","boat-lettering-registration","Boat Registration Lettering"
"vehicle-branding-advertising","bumper-sticker-custom","Custom Bumper Sticker"
"vehicle-branding-advertising","car-door-magnets-pair","Car Door Magnets (Pair)"
"vehicle-branding-advertising","car-hood-decal","Car Hood Decal"
"vehicle-branding-advertising","custom-cut-vinyl-lettering-any-text","Custom Cut Vinyl Lettering"
"vehicle-branding-advertising","custom-printed-vehicle-logo-decals","Custom Van Logo Decals"
"vehicle-branding-advertising","custom-truck-door-lettering-kit","Custom Truck Door Lettering Kit"
"vehicle-branding-advertising","cvor-number-decals","CVOR Number Decals"
"vehicle-branding-advertising","equipment-id-decals-cut-vinyl","Equipment ID Decals"
"vehicle-branding-advertising","fleet-graphic-package","Fleet Graphic Package"
"vehicle-branding-advertising","fleet-unit-number-stickers","Fleet Unit Number Stickers"
"vehicle-branding-advertising","fuel-type-labels-diesel-gas","Fuel Type Labels (Diesel / Gas)"
"vehicle-branding-advertising","full-vehicle-wrap-design-print","Full Vehicle Wrap (Design + Print)"
"vehicle-branding-advertising","gvw-tare-weight-lettering","GVW / Tare Weight Lettering"
"vehicle-branding-advertising","long-term-outdoor-vehicle-decals","Long-Term Outdoor Decals"
"vehicle-branding-advertising","magnetic-rooftop-sign","Magnetic Rooftop Car Topper"
"vehicle-branding-advertising","magnetic-truck-door-signs","Magnetic Truck Door Signs"
"vehicle-branding-advertising","partial-wrap-spot-graphics","Partial Wrap Graphics"
"vehicle-branding-advertising","printed-truck-door-decals-full-color","Printed Truck Door Decals"
"vehicle-branding-advertising","removable-promo-vehicle-decals","Removable Promo Decals"
"vehicle-branding-advertising","social-qr-vehicle-decals","Social Media QR Decals"
"vehicle-branding-advertising","tailgate-rear-door-printed-decal","Tailgate Decal"
"vehicle-branding-advertising","tire-pressure-load-labels","Tire Pressure / Load Labels"
"vehicle-branding-advertising","trailer-box-truck-large-graphics","Trailer Large Graphics"
"vehicle-branding-advertising","trailer-full-wrap","53ft Trailer Full Wrap"
"vehicle-branding-advertising","truck-side-panel-printed-decal","Truck Side Panel Decal"
"vehicle-branding-advertising","tssa-truck-number-lettering-cut-vinyl","TSSA Truck Number Lettering (Cut Vinyl)"
"vehicle-branding-advertising","usdot-number-decals","US DOT Number Decals"
"vehicle-branding-advertising","vehicle-inspection-maintenance-stickers","Vehicle Inspection Stickers"
"vehicle-branding-advertising","vehicle-roof-wrap","Vehicle Roof Wrap"
"vehicle-branding-advertising","vehicle-wrap-print-only-quote","Vehicle Wrap (Print Only)"
"window-glass-films","clear-static-cling","Clear Static Cling"
"window-glass-films","color-white-color-clear-vinyl","Colour + White + Colour on Clear Vinyl"
"window-glass-films","color-white-on-clear-vinyl","Colour + White on Clear Vinyl"
"window-glass-films","frosted-matte-window-film","Frosted Matte Window Film"
"window-glass-films","frosted-privacy-window-film","Frosted Privacy Film"
"window-glass-films","frosted-static-cling","Frosted Static Cling"
"window-glass-films","holographic-iridescent-film","Holographic Iridescent Film"
"window-glass-films","storefront-hours-door-decal-cut-vinyl","Storefront Hours Decal"
"window-glass-films","vehicle-window-tint-graphic","Perforated Window Tint Graphic"
"window-glass-films","window-cut-vinyl-lettering","Window Cut Vinyl Lettering"
"window-glass-films","window-graphics-perforated","Perforated Window Graphics"
"window-glass-films","window-lettering-business","Business Window Lettering"
"window-glass-films","window-lettering-cut-vinyl","Window Lettering"